<?xml version="1.0" encoding="UTF-8"?>

<beans xmlns="http://www.springframework.org/schema/beans" 
 xmlns:xsi="http://www.w3.org/2001/XMLSchema-instance" 
 xmlns:context="http://www.springframework.org/schema/context" 
 xmlns:mvc="http://www.springframework.org/schema/mvc" 
 xsi:schemaLocation=" 
 http://www.springframework.org/schema/beans 
 http://www.springframework.org/schema/beans/spring-beans.xsd 
 http://www.springframework.org/schema/context 
 http://www.springframework.org/schema/context/spring-context.xsd 
 http://www.springframework.org/schema/mvc 
 http://www.springframework.org/schema/mvc/spring-mvc.xsd"> 
<context:component-scan base-package="com.dronacharya"></context:component-scan> 

<mvc:annotation-driven />

<bean id="validator"
      class="org.springframework.validation.beanvalidation.LocalValidatorFactoryBean"/>

 
<bean class="org.springframework.web.servlet.view.InternalResourceViewResolver"> 
<property name="prefix" value="/WEB-INF/views/"></property> 
<property name="suffix" value=".jsp"></property> 
</bean> 
 
<bean id="ds" class="org.springframework.jdbc.datasource.DriverManagerDataSource"> 
<property name="driverClassName" 
value="oracle.jdbc.driver.OracleDriver"></property> 
<property name="url" value="jdbc:oracle:thin:@localhost:1521:xe"></property> 
<property name="username" value="SYSTEM"></property> 
<property name="password" value="abitha"></property> 
</bean> 
 
<bean id="jt" class="org.springframework.jdbc.core.JdbcTemplate"> 
<property name="dataSource" ref="ds"></property> 
</bean> 
<bean id="dao" class="com.dronacharya.dao.StudentDaoImpl"> 
<property name="jdbcTemplate" ref="jt"></property> 
</bean>
<bean id="studentServices" class="com.dronacharya.services.StudentServicesImpl"> 
<property name="dao" ref="dao"></property> 
</bean> 
<bean id="studentController" class="com.dronacharya.controller.StudentController"> 
<property name="studentServices" ref="studentServices"></property> 
</bean>
</beans>